asin,title,category,us_price,us_sold,us_rating,us_reviews,listed_since,de_listed,de_price_eur,de_sold,de_offers,de_max_cogs_25,ae_price_usd,ae_max_cogs_25,target_cogs,est_net_unit,est_monthly_net,verdict,rationale,alibaba_url,url
B0GWFN7Y8T,"Pocket Hose Ballistic 50 FT Expandable Garden Hose w/Pocket Pivot Swivel Connector, Anti-Burst Sleeve Reinforced with Bulletproof Fiber, Lightweight, No-Kink, Compact, UV-Protected, AS SEEN ON TV","Patio, Lawn & Garden > Gardening & Lawn Care",59.99,40000,4.2,15862,2026-04-07,нет,,,,,56.99,16.4,16.4,12.82,51280.0,BUY,"на DE не продаётся — свободная ниша, спрос проверять запуском/PPC; + продажи ≈40000/мес; + вход при закупке ≤$9.23 даёт маржу 25%; + Buy Box не у Amazon; + конкуренция умеренная (1 офферов)",https://www.alibaba.com/trade/search?SearchText=ballistic%20expandable%20garden%20hose%20pocket,https://www.amazon.com/dp/B0GWFN7Y8T
B0GQHGFFHC,"Handheld Steam Cleaner, 230°F Pressurized Steamer with No Water Spitting & Continuous Steam, 350ML Chemical-Free Deep Cleaning for Grease & Grime, 12 Accessories for Grout, Bathroom, Kitchen & Car",Home & Kitchen > Vacuums & Floor Care,69.99,6000,4.4,573,2026-02-27,да,101.31,,1,33.84,66.49,19.97,19.97,14.96,8976.0,BUY,"DE: есть листинг, ≈? шт/мес, 1 офферов; + продажи ≈6000/мес; + вход при закупке ≤$11.80 даёт маржу 25%; + Buy Box не у Amazon; + конкуренция умеренная (3 офферов); − волатильность цены 1.026",https://www.alibaba.com/trade/search?SearchText=handheld%20steam%20cleaner%20pressurized%20steamer,https://www.amazon.com/dp/B0GQHGFFHC
B0H2ZJFN9G,POCALAND Bidet Attachment,Tools & Home Improvement > Kitchen & Bath Fixtures,39.99,10000,4.6,62,2026-05-26,нет,,,,,37.99,10.49,10.49,8.55,8550.0,BUY,"на DE не продаётся — свободная ниша, спрос проверять запуском/PPC; + продажи ≈10000/мес; + вход при закупке ≤$7.27 даёт маржу 25%; + Buy Box не у Amazon; + конкуренция умеренная (6 офферов); − волатильность цены 1.375",https://www.alibaba.com/trade/search?SearchText=bidet%20attachment,https://www.amazon.com/dp/B0H2ZJFN9G
B0GWFRGX48,"Pocket Hose Ballistic 25 FT Expandable Garden Hose w/Pocket Pivot Swivel Connector, Anti-Burst Sleeve Reinforced with Bulletproof Fiber, Lightweight, No-Kink, Compact, UV-Protected, AS SEEN ON TV","Patio, Lawn & Garden > Gardening & Lawn Care",39.99,10000,4.2,15791,2026-04-07,нет,,,,,37.99,9.37,9.37,8.55,8550.0,BUY,"на DE не продаётся — свободная ниша, спрос проверять запуском/PPC; + продажи ≈10000/мес; + вход при закупке ≤$4.49 даёт маржу 25%; + Buy Box не у Amazon; + конкуренция умеренная (1 офферов)",https://www.alibaba.com/trade/search?SearchText=ballistic%20expandable%20garden%20hose%20pocket,https://www.amazon.com/dp/B0GWFRGX48
B0H3T9MSFL,"Uwant Upholstery Cleaner Machine with 18Kpa Suction Portable Carpet Cleaner Machine for Cars, Pets with Pet Pro Solution and Self Cleaning Tools Set of 1 for Spot, Rug, Couch",Home & Kitchen > Vacuums & Floor Care,69.97,5000,4.6,156,2026-06-03,нет,,,,,66.47,16.73,16.73,14.96,7480.0,BUY,"на DE не продаётся — свободная ниша, спрос проверять запуском/PPC; + продажи ≈5000/мес; + вход при закупке ≤$7.18 даёт маржу 25%; + Buy Box не у Amazon; + конкуренция умеренная (1 офферов); − тяжёлый товар 4.6 кг",https://www.alibaba.com/trade/search?SearchText=upholstery%20cleaner%20machine%20kpa%20suction,https://www.amazon.com/dp/B0H3T9MSFL
B0GJS94H49,"250 Anniversary Usa Flag, Commemorative House Flags, Two-sided Design 3x5 Ft, Patriotic Flags 5","Patio, Lawn & Garden > Outdoor Décor",39.99,8000,4.6,352,2026-02-28,нет,,,,,37.99,11.05,11.05,8.55,6840.0,BUY,"на DE не продаётся — свободная ниша, спрос проверять запуском/PPC; + продажи ≈8000/мес; + вход при закупке ≤$6.75 даёт маржу 25%; + Buy Box не у Amazon; + конкуренция умеренная (2 офферов)",https://www.alibaba.com/trade/search?SearchText=anniversary%20usa%20flag%20commemorative%20house,https://www.amazon.com/dp/B0GJS94H49
B0G6KMRNJ5,"20V Electric Weed Wacker Cordless Edger Lawn Tool 2 X 2.0Ah Battery Powered Weed Eater with Charger, 12 Inch Lightweight String Trimmer, Auto Line Feed Grass Cutter Lawn Mower for Small Yard Garden","Patio, Lawn & Garden > Outdoor Power Tools",49.99,6000,4.3,487,2026-05-05,нет,,,,,47.49,10.37,10.37,10.69,6414.0,BUY,"на DE не продаётся — свободная ниша, спрос проверять запуском/PPC; + продажи ≈6000/мес; + вход при закупке ≤$4.08 даёт маржу 25%; + Buy Box не у Amazon; + конкуренция умеренная (1 офферов); − волатильность цены 1.2; − тяжёлый товар 3.3 кг",https://www.alibaba.com/trade/search?SearchText=electric%20weed%20wacker%20cordless%20edger,https://www.amazon.com/dp/B0G6KMRNJ5
B0GTMLLHKJ,"BOZYBO Rain Shower Head with Handheld: High Pressure Shower Heads with Handheld Spray Combo, 12"" Rainfall Shower Head and 9 Sprays Hand Showerheads with Magnetic Docking and Power Jets, Nickel 1.75GPM",Tools & Home Improvement > Kitchen & Bath Fixtures,59.99,5000,4.4,2820,2026-05-26,нет,,,,,56.99,16.27,16.27,12.82,6410.0,BUY,"на DE не продаётся — свободная ниша, спрос проверять запуском/PPC; + продажи ≈5000/мес; + вход при закупке ≤$8.79 даёт маржу 25%; + Buy Box не у Amazon; + конкуренция умеренная (1 офферов)",https://www.alibaba.com/trade/search?SearchText=rain%20shower%20head%20handheld%20high,https://www.amazon.com/dp/B0GTMLLHKJ
B0GL357H51,8x10 Area Rugs for Living Room: Vintage Boho Neutral Washable Rug Indoor Soft Large Area Rug Carpet for Bedroom Nursery Farmhouse Dining Room Office Floor Non-Slip Low Pile Under Table Rug Beige,Home & Kitchen > Home Décor Products,65.24,4000,4.5,198,2026-03-12,нет,,,,,61.98,11.58,11.58,13.95,5580.0,BUY,"на DE не продаётся — свободная ниша, спрос проверять запуском/PPC; + продажи ≈4000/мес; + вход при закупке ≤$4.75 даёт маржу 25%; + Buy Box не у Amazon; + конкуренция умеренная (1 офферов); − тяжёлый товар 5.9 кг",https://www.alibaba.com/trade/search?SearchText=area%20rugs%20living%20room%20vintage,https://www.amazon.com/dp/B0GL357H51
B0GSHZN1C3,"Mavax ChillGo Portable Neck Fan - 8000mAh Personal Wearable Fan, 9000 RPM Direct-flow 4X Powerful 360° Airflow Cooling Fan, Max 16H, 4 Speeds, LED Display, Great Gifts for Men Women - 5th Gen Black","Home & Kitchen > Heating, Cooling & Air Quality",34.84,7000,4.4,160,2026-03-14,нет,,,,,33.1,9.08,9.08,7.45,5215.0,BUY,"на DE не продаётся — свободная ниша, спрос проверять запуском/PPC; + продажи ≈7000/мес; + вход при закупке ≤$6.43 даёт маржу 25%; + Buy Box не у Amazon; + конкуренция умеренная (6 офферов)",https://www.alibaba.com/trade/search?SearchText=chillgo%20portable%20neck%20fan%20mah,https://www.amazon.com/dp/B0GSHZN1C3
B0H2MCCNWR,"Vestomeli Upgrade Bidet Attachment for Toilet Seat, Adjustable Angle Dual Nozzle, Self-Cleaning, Non-Electric Bidet Attachment for Rear & Feminine Wash, Controllable Fresh Cold Water Pressure",Tools & Home Improvement > Kitchen & Bath Fixtures,59.99,4000,4.3,114,2026-05-22,нет,,,,,56.99,17.74,17.74,12.82,5128.0,BUY,"на DE не продаётся — свободная ниша, спрос проверять запуском/PPC; + продажи ≈4000/мес; + вход при закупке ≤$13.74 даёт маржу 25%; + Buy Box не у Amazon; + конкуренция умеренная (3 офферов); − волатильность цены 1.406",https://www.alibaba.com/trade/search?SearchText=upgrade%20bidet%20attachment%20toilet%20seat,https://www.amazon.com/dp/B0H2MCCNWR
B0GRFH95WT,"Nuzzle Queen Size Adjustable Firm Pillow – Hotel Luxury Neck Support, Height Adjust Soft Cooling Pillow for Back, Stomach or Side Sleepers-Home Gift",Home & Kitchen > Bedding,47.59,5000,4.3,8071,2026-02-28,нет,,,,,45.21,10.1,10.1,10.17,5085.0,BUY,"на DE не продаётся — свободная ниша, спрос проверять запуском/PPC; + продажи ≈5000/мес; + вход при закупке ≤$4.45 даёт маржу 25%; + Buy Box не у Amazon; + конкуренция умеренная (1 офферов)",https://www.alibaba.com/trade/search?SearchText=queen%20size%20adjustable%20firm%20pillow,https://www.amazon.com/dp/B0GRFH95WT
B0GT8HK7LS,"Portable Air Conditioner, 2026 Upgraded 4-IN-1 Portable Ice Fan with 3 Cooling Speeds & 1500ml Water Tank, 2 Cool Mist Ultra-Quiet Desktop AC Fan with Remote & 2-8H Timer for Bedroom, Office, Home","Home & Kitchen > Heating, Cooling & Air Quality",54.98,4000,4.2,274,2026-03-20,нет,,,,,52.23,15.09,15.09,11.75,4700.0,BUY,"на DE не продаётся — свободная ниша, спрос проверять запуском/PPC; + продажи ≈4000/мес; + вход при закупке ≤$8.07 даёт маржу 25%; + Buy Box не у Amazon; + конкуренция умеренная (1 офферов)",https://www.alibaba.com/trade/search?SearchText=portable%20air%20conditioner%20upgraded%20ice,https://www.amazon.com/dp/B0GT8HK7LS
B0GHNMJQ2C,"Bug Zapper Outdoor & Indoor,Cordless Portable Mosquito Zapper with Rechargeable 4800mAh Battery & Auto On/Off,Mosquito Repellent Outdoor Patio,Electric Fly Trap for Camping,Kitchen,Backyard,Patio","Patio, Lawn & Garden > Pest Control",35.97,6000,4.4,461,2026-03-11,нет,,,,,34.17,8.99,8.99,7.69,4614.0,BUY,"на DE не продаётся — свободная ниша, спрос проверять запуском/PPC; + продажи ≈6000/мес; + вход при закупке ≤$3.32 даёт маржу 25%; + Buy Box не у Amazon; + конкуренция умеренная (1 офферов)",https://www.alibaba.com/trade/search?SearchText=bug%20zapper%20outdoor%20indoor%20cordless,https://www.amazon.com/dp/B0GHNMJQ2C
B0GV2DHXWS,"Chasesun Portable Neck Fan - Rechargeable Personal Fan, 20 Hours Cooling Time, No Hair Tangling, Hands-Free Bladeless Fan for Travel, Birthday Gifts for Women and Men","Home & Kitchen > Heating, Cooling & Air Quality",29.99,7000,4.7,258,2026-03-27,нет,,,,,28.49,7.37,7.37,6.41,4487.0,BUY,"на DE не продаётся — свободная ниша, спрос проверять запуском/PPC; + продажи ≈7000/мес; + вход при закупке ≤$4.32 даёт маржу 25%; + Buy Box не у Amazon; + конкуренция умеренная (3 офферов); − волатильность цены 0.88",https://www.alibaba.com/trade/search?SearchText=portable%20neck%20fan%20rechargeable%20personal,https://www.amazon.com/dp/B0GV2DHXWS
B0GJ4NHH4L,"Travel Steamer for Clothes, 100-240V Dual Voltage Garment Steamer, 1000W Handheld Steam & Iron 2 in 1, Travel Size, for Global & Europe Traveling, Business, Home, Space Grey",Home & Kitchen > Irons & Steamers,49.99,4000,4.6,129,2026-04-01,да,78.52,,1,26.11,47.49,13.85,13.85,10.69,4276.0,BUY,"DE: есть листинг, ≈? шт/мес, 1 офферов; + продажи ≈4000/мес; + вход при закупке ≤$8.11 даёт маржу 25%; + Buy Box не у Amazon; + конкуренция умеренная (5 офферов)",https://www.alibaba.com/trade/search?SearchText=travel%20steamer%20clothes%20dual%20voltage,https://www.amazon.com/dp/B0GJ4NHH4L
B0GGNS411Z,"Amzrap 200FT Outdoor String Lights with Remote, Waterproof Patio Lights with 72+2 Shatterproof LED Bulbs, 2700K Dimmable Waterproof Hanging Decor for Backyard Garden Porch Bistro, Timer & 3 Modes",Tools & Home Improvement > Lighting & Ceiling Fans,49.98,4000,4.7,1378,2026-05-14,нет,,,,,47.48,11.16,11.16,10.68,4272.0,BUY,"на DE не продаётся — свободная ниша, спрос проверять запуском/PPC; + продажи ≈4000/мес; + вход при закупке ≤$6.58 даёт маржу 25%; + Buy Box не у Amazon; + конкуренция умеренная (3 офферов); − волатильность цены 0.811",https://www.alibaba.com/trade/search?SearchText=outdoor%20string%20lights%20remote%20waterproof,https://www.amazon.com/dp/B0GGNS411Z
B0GL1XQGNK,"SSWind 6000mAh Portable Handheld Fan with Ice Cooling, 199 Levels Stepless Speed, 20H Long Battery Life, 20000RPM Turbo Fan Rechargeable Personal Mini Fan for Travel, Outdoor, Makeup (White)","Home & Kitchen > Heating, Cooling & Air Quality",28.32,7000,4.4,416,2026-02-02,нет,,,,,26.9,6.81,6.81,6.05,4235.0,BUY,"на DE не продаётся — свободная ниша, спрос проверять запуском/PPC; + продажи ≈7000/мес; + вход при закупке ≤$3.75 даёт маржу 25%; + Buy Box не у Amazon; + конкуренция умеренная (1 офферов)",https://www.alibaba.com/trade/search?SearchText=mah%20portable%20handheld%20fan%20ice,https://www.amazon.com/dp/B0GL1XQGNK
B0GGL3B25P,"Ultrasonic Pest Repellent Plug-in, Electronic Mouse Traps & Insect Repellent, Pest Control for Rodent, Roach, Ant, Squirrel, Spider, Bugs, Mouse, Rat, Bat for Home, Office, Warehouse Black 1 Pack","Patio, Lawn & Garden > Pest Control",37.96,5000,4.5,122,2026-06-15,да,103.09,,2,36.9,36.06,10.34,10.34,8.11,4055.0,BUY,"DE: есть листинг, ≈? шт/мес, 2 офферов; + продажи ≈5000/мес; + вход при закупке ≤$7.55 даёт маржу 25%; + Buy Box не у Amazon; + конкуренция умеренная (3 офферов)",https://www.alibaba.com/trade/search?SearchText=ultrasonic%20pest%20repellent%20plug%20electronic,https://www.amazon.com/dp/B0GGL3B25P
B0GTMH1VZY,"BOZYBO Rain Shower Head with Handheld: High Pressure Shower Heads with Handheld Spray Combo, 12"" Rainfall Shower Head and 9 Sprays Hand Showerheads with Magnetic Docking and Power Jets, Black 1.8GPM",Tools & Home Improvement > Kitchen & Bath Fixtures,59.99,3000,4.4,7682,2026-05-26,нет,,,,,56.99,16.27,16.27,12.82,3846.0,BUY,"на DE не продаётся — свободная ниша, спрос проверять запуском/PPC; + продажи ≈3000/мес; + вход при закупке ≤$8.79 даёт маржу 25%; + Buy Box не у Amazon; + конкуренция умеренная (1 офферов)",https://www.alibaba.com/trade/search?SearchText=rain%20shower%20head%20handheld%20high,https://www.amazon.com/dp/B0GTMH1VZY
B0GMT987FX,"Brita Large 10-Cup Water Filter Pitcher with BritaPlus Filter, WQA NSF/ANSI Certified, Reduces 2X Contaminants vs. Standard, Removes Chlorine Taste & Odor, Reduces Zinc Copper Mercury, Stone Blue",Tools & Home Improvement > Kitchen & Bath Fixtures,44.79,4000,4.6,1336,2026-02-10,нет,,,,,42.55,11.35,11.35,9.57,3828.0,BUY,"на DE не продаётся — свободная ниша, спрос проверять запуском/PPC; + продажи ≈4000/мес; + вход при закупке ≤$5.04 даёт маржу 25%; + Buy Box не у Amazon; + конкуренция умеренная (4 офферов); − волатильность цены 0.765",https://www.alibaba.com/trade/search?SearchText=cup%20water%20filter%20pitcher%20plus,https://www.amazon.com/dp/B0GMT987FX
B0GZTN9882,"Fruit Fly Trap for Indoors, Blue Bug Zapper Indoor with Suction & Timer","Patio, Lawn & Garden > Pest Control",34.19,5000,4.6,164,2026-05-22,нет,,,,,32.48,8.21,8.21,7.31,3655.0,BUY,"на DE не продаётся — свободная ниша, спрос проверять запуском/PPC; + продажи ≈5000/мес; + вход при закупке ≤$4.66 даёт маржу 25%; + Buy Box не у Amazon; + конкуренция умеренная (2 офферов)",https://www.alibaba.com/trade/search?SearchText=fruit%20fly%20trap%20indoors%20bug,https://www.amazon.com/dp/B0GZTN9882
B0GSZHLZ3B,"15 Pack Vacuum Storage Bags for Travel with Cordless Pump, Space Saver Bags for Clothes, Compression Packing Bags for Luggage, 15 Combo Size",Home & Kitchen > Storage & Organization,33.99,5000,4.5,468,2026-03-18,нет,,,,,32.29,7.27,7.27,7.27,3635.0,BUY,"на DE не продаётся — свободная ниша, спрос проверять запуском/PPC; + продажи ≈5000/мес; + вход при закупке ≤$4.77 даёт маржу 25%; + Buy Box не у Amazon; + конкуренция умеренная (2 офферов)",https://www.alibaba.com/trade/search?SearchText=vacuum%20storage%20bags%20travel%20cordless,https://www.amazon.com/dp/B0GSZHLZ3B
B0GWKG8PXG,"AVAXO Bug Zapper Outdoor, Dual Wavelength UV 50000H Lifespan & Dual LED Lamps, 1/2 Acre Coverage, 5 Zaps/Sec, 4200V Electric Mosquito Zapper, IPX4 Waterproof Fly Trap for Indoor Patio Backyard","Patio, Lawn & Garden > Pest Control",38.97,4000,4.6,197,2026-04-16,нет,,,,,37.02,9.82,9.82,8.33,3332.0,BUY,"на DE не продаётся — свободная ниша, спрос проверять запуском/PPC; + продажи ≈4000/мес; + вход при закупке ≤$4.37 даёт маржу 25%; + Buy Box не у Amazon; + конкуренция умеренная (1 офферов); − волатильность цены 1.692",https://www.alibaba.com/trade/search?SearchText=bug%20zapper%20outdoor%20dual%20wavelength,https://www.amazon.com/dp/B0GWKG8PXG
B0GWQL2NJ1,"CAGVG Fly Trap Indoor, Fruit Fly Traps for Indoors Flying Insect Gnat Traps for House Indoor with Adjustable Lighting, Bug Zapper Indoor, Gnat Killer Catcher with 10 Refills （Black）","Patio, Lawn & Garden > Pest Control",30.59,5000,4.2,312,2026-05-06,нет,,,,,29.06,7.03,7.03,6.54,3270.0,BUY,"на DE не продаётся — свободная ниша, спрос проверять запуском/PPC; + продажи ≈5000/мес; + вход при закупке ≤$4.82 даёт маржу 25%; + Buy Box не у Amazon; + конкуренция умеренная (5 офферов)",https://www.alibaba.com/trade/search?SearchText=fly%20trap%20indoor%20fruit%20traps,https://www.amazon.com/dp/B0GWQL2NJ1
B0GXQRZRTR,"100 FT Non-Expanding Garden Hose, 2026 New Upgrated Non-Expandable Garden Water Hose - Ultra-Light & Flexible Burst-Resistant, Kink-Free Garden Hoses, All-Weather Use for Lawns, Gardens,Outdoor","Patio, Lawn & Garden > Gardening & Lawn Care",48.15,3000,4.8,28,2026-04-18,да,170.3,,1,60.3,45.74,10.44,10.44,10.29,3087.0,BUY,"DE: есть листинг, ≈? шт/мес, 1 офферов; + продажи ≈3000/мес; + вход при закупке ≤$5.23 даёт маржу 25%; + Buy Box не у Amazon; + конкуренция умеренная (2 офферов)",https://www.alibaba.com/trade/search?SearchText=non%20expanding%20garden%20hose%20upgrated,https://www.amazon.com/dp/B0GXQRZRTR
B0GWRQ3CWB,"Ecoflarix Large Capacity Milk Frother: 4-in-1 Electric Milk Steamer 350ml, 7700RPM High Speed, 120s Fast Frothing, 𝐇𝐨𝐭 & 𝐂𝐨𝐥𝐝 Foam Maker, Helpful Stainless Steel for Latte - Grayish Black",Home & Kitchen > Kitchen & Dining,34.19,4000,4.9,118,2026-04-10,нет,,,,,32.48,8.23,8.23,7.31,2924.0,BUY,"на DE не продаётся — свободная ниша, спрос проверять запуском/PPC; + продажи ≈4000/мес; + вход при закупке ≤$5.91 даёт маржу 25%; + Buy Box не у Amazon; + конкуренция умеренная (2 офферов); − волатильность цены 2.613",https://www.alibaba.com/trade/search?SearchText=capacity%20milk%20frother%20electric%20steamer,https://www.amazon.com/dp/B0GWRQ3CWB
B0GXV7V7JL,"Fruit Fly Trap for Indoors, Fly Traps for Home Gnat Traps House Indoor, Indoor Insect Trap with Timer, Pack of 10 Refills (Blue)","Patio, Lawn & Garden > Pest Control",34.19,4000,4.4,225,2026-04-27,да,55.99,,1,16.73,32.48,8.21,8.21,7.31,2924.0,BUY,"DE: есть листинг, ≈? шт/мес, 1 офферов; + продажи ≈4000/мес; + вход при закупке ≤$4.67 даёт маржу 25%; + Buy Box не у Amazon; + конкуренция умеренная (2 офферов)",https://www.alibaba.com/trade/search?SearchText=fruit%20fly%20trap%20indoors%20traps,https://www.amazon.com/dp/B0GXV7V7JL
B0GTY1QJYB,Tenmiro-Solar-Pathway-Lights-Outdoor-8-Pack-LED-Solar-Powered-Garden-Lights-Waterproof-IP65-Auto-On/Off-Outdoor-Light-for-Yard-Lawn-Patio-Path-Walkway-Driveway-Landscape-Lighting-Decor-3000K,Tools & Home Improvement > Lighting & Ceiling Fans,39.99,3000,4.7,192,2026-02-02,нет,,,,,37.99,8.88,8.88,8.55,2565.0,BUY,"на DE не продаётся — свободная ниша, спрос проверять запуском/PPC; + продажи ≈3000/мес; + вход при закупке ≤$4.99 даёт маржу 25%; + Buy Box не у Amazon; + конкуренция умеренная (4 офферов)",https://www.alibaba.com/trade/search?SearchText=solar%20pathway%20lights%20outdoor%20led,https://www.amazon.com/dp/B0GTY1QJYB
B0GL2BF254,"SSWind 6000mAh Portable Handheld Fan with Ice Cooling, 199 Levels Stepless Speed, 20H Long Battery Life, 20000RPM Turbo Fan Rechargeable Personal Mini Fan for Travel, Outdoor, Makeup (Black)","Home & Kitchen > Heating, Cooling & Air Quality",28.39,4000,4.4,416,2026-02-02,нет,,,,,26.97,6.83,6.83,6.07,2428.0,BUY,"на DE не продаётся — свободная ниша, спрос проверять запуском/PPC; + продажи ≈4000/мес; + вход при закупке ≤$3.76 даёт маржу 25%; + Buy Box не у Amazon; + конкуренция умеренная (1 офферов)",https://www.alibaba.com/trade/search?SearchText=mah%20portable%20handheld%20fan%20ice,https://www.amazon.com/dp/B0GL2BF254
B0H3P36QNZ,"9 Inch Portable Laminator Machine with Anti-Jam Tech, All-in-One A4 Thermal Laminator w/Trimmer & Corner Rounder for Home, Office, School, Business, 40 Sheets Included（White）",Office Products > Office Electronics,34.99,2000,4.4,4,2026-06-02,нет,,,,,33.24,7.61,7.61,7.48,1496.0,BUY,"на DE не продаётся — свободная ниша, спрос проверять запуском/PPC; + продажи ≈2000/мес; + вход при закупке ≤$5.27 даёт маржу 25%; + Buy Box не у Amazon; + конкуренция умеренная (1 офферов); − волатильность цены 0.867",https://www.alibaba.com/trade/search?SearchText=portable%20laminator%20machine%20anti%20jam,https://www.amazon.com/dp/B0H3P36QNZ
B0GT7N4VY1,"Spruce Weed Killer Spray Power Wand Kit - Weed + Grass Killer₃ Reusable Weed Sprayer, Spot-Treating Kills Weeds in Lawns and Gardens, Additional 2 AA Batteries Included for Continuous Power (64 oz)","Patio, Lawn & Garden > Gardening & Lawn Care",39.97,30000,4.1,823,2026-04-01,нет,,,,,37.97,7.29,7.29,8.54,25620.0,WATCH,"на DE не продаётся — свободная ниша, спрос проверять запуском/PPC; + продажи ≈30000/мес; + Buy Box не у Amazon; + конкуренция умеренная (1 офферов)",https://www.alibaba.com/trade/search?SearchText=weed%20killer%20spray%20power%20wand,https://www.amazon.com/dp/B0GT7N4VY1
B0GLTX2PNR,"HP 63XL/65XL Black High-Yield Ink Cartridge (Replaces and Works with Both 63XL & 65XL) | Works with AMP; DeskJet 1100, 2100, 2600, 3600; Envy 4500, 5000; OfficeJet 3800, 4600, 5200 Series | B7RT5AN",Office Products > Office Electronics,46.89,20000,4.7,235542,2026-04-13,нет,,,,,44.55,13.9,13.9,10.02,20040.0,WATCH,"на DE не продаётся — свободная ниша, спрос проверять запуском/PPC; + продажи ≈20000/мес; + вход при закупке ≤$9.46 даёт маржу 25%; + Buy Box не у Amazon; − много офферов (25); − известный бренд — листинг = референс ниши, продаём PL-аналог",https://www.alibaba.com/trade/search?SearchText=high%20yield%20ink%20cartridge%20replaces,https://www.amazon.com/dp/B0GLTX2PNR
B0GYF91BXB,"HOMESURE Supports 200lbs Heavy Duty Moving Bags - Strong Zipper & Wrap-Around Handles - Water-Resistant Storage Totes, Durable Alternative to Moving Boxes - 8 Pack - Semi-Transparent",Home & Kitchen > Storage & Organization,29.99,30000,4.8,6960,2026-04-24,нет,,,,,28.49,5.3,5.3,6.41,19230.0,WATCH,"на DE не продаётся — свободная ниша, спрос проверять запуском/PPC; + продажи ≈30000/мес; + Buy Box не у Amazon; + конкуренция умеренная (1 офферов)",https://www.alibaba.com/trade/search?SearchText=supports%20lbs%20heavy%20duty%20moving,https://www.amazon.com/dp/B0GYF91BXB
B0G625WMBN,"Blink Battery Doorbell 2K+ (newest model) — Wireless video doorbell, 2K resolution, enhanced audio. Required Sync Module not included – Add-On (Black)",Tools & Home Improvement > Electrical,69.99,10000,4.2,202,2026-03-31,нет,,,,,66.49,22.36,22.36,14.96,14960.0,WATCH,"на DE не продаётся — свободная ниша, спрос проверять запуском/PPC; + продажи ≈10000/мес; + вход при закупке ≤$15.47 даёт маржу 25%; + Buy Box не у Amazon; + конкуренция умеренная (1 офферов); − известный бренд — листинг = референс ниши, продаём PL-аналог",https://www.alibaba.com/trade/search?SearchText=battery%20doorbell%20newest%20model%20wireless,https://www.amazon.com/dp/B0G625WMBN
B0G62ZV449,"Blink Battery Doorbell 2K+ (newest model) — Wireless video doorbell, 2K resolution, enhanced audio. Required Sync Module not included – Add-On (White)",Tools & Home Improvement > Electrical,69.99,7000,4.2,202,2026-03-31,нет,,,,,66.49,22.36,22.36,14.96,10472.0,WATCH,"на DE не продаётся — свободная ниша, спрос проверять запуском/PPC; + продажи ≈7000/мес; + вход при закупке ≤$15.47 даёт маржу 25%; + Buy Box не у Amazon; + конкуренция умеренная (1 офферов); − волатильность цены 1.509; − известный бренд — листинг = референс ниши, продаём PL-аналог",https://www.alibaba.com/trade/search?SearchText=battery%20doorbell%20newest%20model%20wireless,https://www.amazon.com/dp/B0G62ZV449
B0G62LKVGT,"Introducing Blink Wired Doorbell 2K+ — Head-to-Toe 2K video doorbell, continuous hardwired power, pair with Alexa or Blink Chime (sold separately) required for in-home alerts",Tools & Home Improvement > Electrical,49.99,9000,4.1,293,2026-03-31,нет,,,,,47.49,15.03,15.03,10.69,9621.0,WATCH,"на DE не продаётся — свободная ниша, спрос проверять запуском/PPC; + продажи ≈9000/мес; + вход при закупке ≤$10.15 даёт маржу 25%; + Buy Box не у Amazon; + конкуренция умеренная (1 офферов); − волатильность цены 2.769; − известный бренд — листинг = референс ниши, продаём PL-аналог",https://www.alibaba.com/trade/search?SearchText=introducing%20wired%20doorbell%20head%20toe,https://www.amazon.com/dp/B0G62LKVGT
B0GPZPSG9Z,"HydroJug Traveler 40oz, Insulated Tumbler with Handle & Straw, Primrose",Home & Kitchen > Kitchen & Dining,44.99,10000,4.6,17512,2026-02-24,нет,,,,,42.74,12.16,12.16,9.62,9620.0,WATCH,"на DE не продаётся — свободная ниша, спрос проверять запуском/PPC; + продажи ≈10000/мес; + вход при закупке ≤$6.74 даёт маржу 25%; + Buy Box не у Amazon; + конкуренция умеренная (5 офферов); − волатильность цены 0.646; − известный бренд — листинг = референс ниши, продаём PL-аналог",https://www.alibaba.com/trade/search?SearchText=traveler%20insulated%20tumbler%20handle%20straw,https://www.amazon.com/dp/B0GPZPSG9Z
B0GLVQP6J4,"HP 61XL Black High-Yield Ink | Works with DeskJet 1000, 1010, 1050, 1510, 2050, 2510, 2540, 3000, 3050, 3510; Envy 4500, 5530; OfficeJet 2620, 4630 | C0PA4AN CH563WN|Packaging May Vary",Office Products > Office Electronics,49.89,9000,4.7,90451,2026-04-08,нет,,,,,47.4,15.0,15.0,10.66,9594.0,WATCH,"на DE не продаётся — свободная ниша, спрос проверять запуском/PPC; + продажи ≈9000/мес; + вход при закупке ≤$10.30 даёт маржу 25%; + Buy Box не у Amazon; − известный бренд — листинг = референс ниши, продаём PL-аналог",https://www.alibaba.com/trade/search?SearchText=high%20yield%20ink%20works%20deskjet,https://www.amazon.com/dp/B0GLVQP6J4
B0GH7X9FGS,"LEVOIT Tower Fan for Bedroom, 20dB Quiet Desk Fan with 23ft/s, Portable & Easy to Carry, 3-Angle & 5-Speed Mini Oscillating Fan, DC Motor, Bladeless, Remoter, 12H Timer, for Home, Room, Office, White","Home & Kitchen > Heating, Cooling & Air Quality",39.98,9000,4.4,1081,2026-04-03,нет,,,,,37.98,9.17,9.17,8.55,7695.0,WATCH,"на DE не продаётся — свободная ниша, спрос проверять запуском/PPC; + продажи ≈9000/мес; + вход при закупке ≤$3.50 даёт маржу 25%; + Buy Box не у Amazon; + конкуренция умеренная (1 офферов); − известный бренд — листинг = референс ниши, продаём PL-аналог",https://www.alibaba.com/trade/search?SearchText=tower%20fan%20bedroom%20quiet%20desk,https://www.amazon.com/dp/B0GH7X9FGS
B0GQ31LD4R,"OLIXIS 3 Inch Twin XL Size Gel Infused Memory Foam Mattress Topper, Soft Breathable Cooling Bed Pad, a Comfortable Bed Mattress Overlay for Bedroom, RV, Camper and Sleeper Sofa, CertiPUR-US Certified",Home & Kitchen > Bedding,45.81,7000,4.4,625,2026-02-25,нет,,,,,43.52,8.96,8.96,9.79,6853.0,WATCH,"на DE не продаётся — свободная ниша, спрос проверять запуском/PPC; + продажи ≈7000/мес; + Buy Box не у Amazon; + конкуренция умеренная (1 офферов); − тяжёлый товар 3.1 кг",https://www.alibaba.com/trade/search?SearchText=twin%20size%20gel%20infused%20memory,https://www.amazon.com/dp/B0GQ31LD4R
B0GPZQYZTJ,"HydroJug Traveler 40oz, Insulated Tumbler with Handle & Straw, Olive",Home & Kitchen > Kitchen & Dining,39.99,7000,4.6,17513,2026-02-24,нет,,,,,37.99,10.33,10.33,8.55,5985.0,WATCH,"на DE не продаётся — свободная ниша, спрос проверять запуском/PPC; + продажи ≈7000/мес; + вход при закупке ≤$5.34 даёт маржу 25%; + Buy Box не у Amazon; + конкуренция умеренная (4 офферов); − волатильность цены 0.644; − известный бренд — листинг = референс ниши, продаём PL-аналог",https://www.alibaba.com/trade/search?SearchText=traveler%20insulated%20tumbler%20handle%20straw,https://www.amazon.com/dp/B0GPZQYZTJ
B0GLWT7PR4,"HP 63/65 Tri-Color Ink Cartridge (Replaces and Works with Both 63 & 65) | Works with AMP; DeskJet 1100, 2100, 2600, 3600; Envy 4500, 5000; OfficeJet 3800, 4600, 5200 Series | B7RT2AN.",Office Products > Office Electronics,26.89,10000,4.7,89887,2026-04-13,нет,,,,,25.55,6.57,6.57,5.75,5750.0,WATCH,"на DE не продаётся — свободная ниша, спрос проверять запуском/PPC; + продажи ≈10000/мес; + вход при закупке ≤$3.86 даёт маржу 25%; + Buy Box не у Amazon; − много офферов (22); − известный бренд — листинг = референс ниши, продаём PL-аналог",https://www.alibaba.com/trade/search?SearchText=tri%20color%20ink%20cartridge%20replaces,https://www.amazon.com/dp/B0GLWT7PR4
B0GZZ3VM69,HAMITOR Shower Caddy Tension Pole: 4-Tier Corner Rustproof Bathroom Organizer with Soap Holder & Hooks - No-Drill Adjustable Shower Shelf for Renters - Family Stand Storage Rack - 47-123 Inch Black,Home & Kitchen > Bath,35.99,7000,4.5,115,2026-05-08,нет,,,,,34.19,5.52,5.52,7.69,5383.0,WATCH,"на DE не продаётся — свободная ниша, спрос проверять запуском/PPC; + продажи ≈7000/мес; + Buy Box не у Amazon; + конкуренция умеренная (2 офферов)",https://www.alibaba.com/trade/search?SearchText=shower%20caddy%20tension%20pole%20tier,https://www.amazon.com/dp/B0GZZ3VM69
B0GKMVTD6V,"iFunSky Mini Portable Handheld Turbo Fan – Small but Mighty, Whisper-Quiet, Long-Lasting, 5-Speed High-Velocity Rechargeable battery Fan, Personal Fan for Outdoor, Travel, Gifts for Women & Men(Black)","Home & Kitchen > Heating, Cooling & Air Quality",24.16,10000,4.6,445,2026-03-15,нет,,,,,22.95,5.57,5.57,5.16,5160.0,WATCH,"на DE не продаётся — свободная ниша, спрос проверять запуском/PPC; + продажи ≈10000/мес; + Buy Box не у Amazon; + конкуренция умеренная (1 офферов)",https://www.alibaba.com/trade/search?SearchText=mini%20portable%20handheld%20turbo%20fan,https://www.amazon.com/dp/B0GKMVTD6V
B0GRJ78J4D,"GENIANI Back Pain & Relaxation Gifts for Women – Electric Heating Pad for Back, Neck & Shoulders, Soft Microplush Electric Throw Heating Pad for Period Comfort, Fast Heating, Auto Shut Off, 12""x24""",Home & Kitchen > Bedding,23.72,10000,4.3,69351,2026-03-24,нет,,,,,22.53,4.59,4.59,5.07,5070.0,WATCH,"на DE не продаётся — свободная ниша, спрос проверять запуском/PPC; + продажи ≈10000/мес; + Buy Box не у Amazon; + конкуренция умеренная (1 офферов)",https://www.alibaba.com/trade/search?SearchText=back%20pain%20relaxation%20gifts%20women,https://www.amazon.com/dp/B0GRJ78J4D
B0GY7YT7QZ,"myQ Smart Garage Door Video Keypad + Rechargeable Battery, with Wide-Angle Camera, Customizable PIN Codes, and Smartphone Control, Works with Chamberlain, LiftMaster and Craftsman openers",Tools & Home Improvement > Building Supplies,53.98,4000,4.4,28,2026-04-23,нет,,,,,51.28,14.66,14.66,11.54,4616.0,WATCH,"на DE не продаётся — свободная ниша, спрос проверять запуском/PPC; + продажи ≈4000/мес; + вход при закупке ≤$7.79 даёт маржу 25%; + Buy Box не у Amazon; + конкуренция умеренная (1 офферов); − волатильность цены 0.65; − известный бренд — листинг = референс ниши, продаём PL-аналог",https://www.alibaba.com/trade/search?SearchText=myq%20smart%20garage%20door%20video,https://www.amazon.com/dp/B0GY7YT7QZ
B0G1CR88J9,"Kidde Carbon Monoxide Detector, AA Battery Powered, Portable for Travel or Home, 85 dB Alarm, LED Status Light Indicators, 5th Edition, COB",Tools & Home Improvement > Safety & Security,24.88,8000,4.7,1534,2026-03-01,нет,,,,,23.64,5.83,5.83,5.32,4256.0,WATCH,"на DE не продаётся — свободная ниша, спрос проверять запуском/PPC; + продажи ≈8000/мес; + вход при закупке ≤$3.12 даёт маржу 25%; + Buy Box не у Amazon; + конкуренция умеренная (1 офферов); − известный бренд — листинг = референс ниши, продаём PL-аналог",https://www.alibaba.com/trade/search?SearchText=carbon%20monoxide%20detector%20battery%20powered,https://www.amazon.com/dp/B0G1CR88J9
B0GFM2YSD1,"CXEZSIK Garden Hose 50ft Lightweight, Non-Expanding, Leak-Proof Metal Connector, No-Knot No-Tangle, Easy to Store and Carry, Wear-Resistant, 3/4GHT Flexible Water Hose, Hose for Yard, Garden, Outdoor","Patio, Lawn & Garden > Gardening & Lawn Care",29.78,6000,4.2,328,2026-02-20,нет,,,,,28.29,5.42,5.42,6.37,3822.0,WATCH,"на DE не продаётся — свободная ниша, спрос проверять запуском/PPC; + продажи ≈6000/мес; + Buy Box не у Amazon; + конкуренция умеренная (8 офферов)",https://www.alibaba.com/trade/search?SearchText=garden%20hose%20lightweight%20non%20expanding,https://www.amazon.com/dp/B0GFM2YSD1
B0G1C86M5S,"Kidde Carbon Monoxide Detector, Plug-in with AA Battery Backup, Easy-to-Read Digital Backlit Display, 85 dB Alarm, Rotating Plug, LED Status Light Indicators, 5th Edition, COPD",Tools & Home Improvement > Safety & Security,43.97,4000,4.7,27239,2026-03-01,нет,,,,,41.77,12.54,12.54,9.4,3760.0,WATCH,"на DE не продаётся — свободная ниша, спрос проверять запуском/PPC; + продажи ≈4000/мес; + вход при закупке ≤$8.22 даёт маржу 25%; + Buy Box не у Amazon; + конкуренция умеренная (1 офферов); − известный бренд — листинг = референс ниши, продаём PL-аналог",https://www.alibaba.com/trade/search?SearchText=carbon%20monoxide%20detector%20plug%20battery,https://www.amazon.com/dp/B0G1C86M5S
B0GS1FPXCK,"Cosori Electric Kettle, Plastic-Free Interior, Easy to Clean, Automatic Shut Off & Boil-Dry Protection, Stainless Steel Tea Kettle, Hot Water Boiler & Heater, 1.7L, 1500W",Home & Kitchen > Kitchen & Dining,34.04,5000,4.6,5338,2026-04-15,нет,,,,,32.34,7.25,7.25,7.28,3640.0,WATCH,"на DE не продаётся — свободная ниша, спрос проверять запуском/PPC; + продажи ≈5000/мес; + Buy Box не у Amazon; + конкуренция умеренная (1 офферов)",https://www.alibaba.com/trade/search?SearchText=electric%20kettle%20plastic%20free%20interior,https://www.amazon.com/dp/B0GS1FPXCK
B0GT8GJ3TR,"Advinski Garden Hose 50ft, Non-Expanding Flexible Hose with 10 Function Nozzle, Lightweight, Kink Free, Sturdy, Leak-Proof, Portable, Water Hose 50ft for Outdoor, Yard, Lawn, Car Wash and Camper Use","Patio, Lawn & Garden > Gardening & Lawn Care",27.98,6000,4.3,1941,2026-03-18,да,67.88,,1,20.75,26.58,5.09,5.09,5.98,3588.0,WATCH,"DE: есть листинг, ≈? шт/мес, 1 офферов; + продажи ≈6000/мес; + Buy Box не у Amazon; + конкуренция умеренная (5 офферов); − волатильность цены 1.067",https://www.alibaba.com/trade/search?SearchText=garden%20hose%20non%20expanding%20flexible,https://www.amazon.com/dp/B0GT8GJ3TR
B0H3HHXFSW,"12 Pack 3D Dragonfly Clips, Fake Dragonflies with Stakes, Realistic Plastic Dragonfly Garden Decorations, Fly Deterrent Clips for Hats, Pets, Horses, Deer, Yard, Patio, Indoor & Outdoor Decor","Patio, Lawn & Garden > Outdoor Décor",19.99,8000,4.7,268,2026-06-02,нет,,,,,18.99,4.04,4.04,4.27,3416.0,SKIP,"на DE не продаётся — свободная ниша, спрос проверять запуском/PPC; + продажи ≈8000/мес; + Buy Box не у Amazon; + конкуренция умеренная (1 офферов); − экономика не сходится (закупка ≤$1.18 при марже 20%)",https://www.alibaba.com/trade/search?SearchText=dragonfly%20clips%20fake%20dragonflies%20stakes,https://www.amazon.com/dp/B0H3HHXFSW
B0GHRXNVZV,"Cordless Bug Zapper Outdoor, 4200V Electric Mosquito Zapper, Fly Trap, Rechargeable Portable Fly Zapper, Waterproof Mosquito Trap Insect Killer Indoor Outdoor for Camping, Garden, Backyard, Home","Patio, Lawn & Garden > Pest Control",31.33,5000,4.4,408,2026-03-10,нет,,,,,29.76,7.26,7.26,6.7,3350.0,WATCH,"на DE не продаётся — свободная ниша, спрос проверять запуском/PPC; + продажи ≈5000/мес; + Buy Box не у Amazon; + конкуренция умеренная (1 офферов)",https://www.alibaba.com/trade/search?SearchText=cordless%20bug%20zapper%20outdoor%20electric,https://www.amazon.com/dp/B0GHRXNVZV
B0H2X17J1Z,"50ft Garden Hose, Ultra Lightweight All-Weather Water Hose, Durable & Flexible, Built-in Valve, Leak-free Connections, TPU Water Hose, Drinking Water Safe","Patio, Lawn & Garden > Gardening & Lawn Care",25.99,6000,4.2,389,2026-05-25,да,61.24,,1,20.33,24.69,4.46,4.46,5.56,3336.0,WATCH,"DE: есть листинг, ≈? шт/мес, 1 офферов; + продажи ≈6000/мес; + Buy Box не у Amazon; + конкуренция умеренная (2 офферов)",https://www.alibaba.com/trade/search?SearchText=garden%20hose%20ultra%20lightweight%20all,https://www.amazon.com/dp/B0H2X17J1Z
B0G62DRCJF,"Introducing Blink Wired Doorbell 2K+ — Head-to-Toe 2K video doorbell, continuous hardwired power, pair with Alexa or Blink Chime (sold separately) required for in-home alerts",Tools & Home Improvement > Electrical,49.99,3000,4.1,293,2026-04-01,нет,,,,,47.49,15.03,15.03,10.69,3207.0,WATCH,"на DE не продаётся — свободная ниша, спрос проверять запуском/PPC; + продажи ≈3000/мес; + вход при закупке ≤$10.15 даёт маржу 25%; + Buy Box не у Amazon; + конкуренция умеренная (1 офферов); − волатильность цены 1.636; − известный бренд — листинг = референс ниши, продаём PL-аналог",https://www.alibaba.com/trade/search?SearchText=introducing%20wired%20doorbell%20head%20toe,https://www.amazon.com/dp/B0G62DRCJF
B0GNBBV935,"Safer Home Catch 360° Cordless Flying Insect Trap, UV LED Light, Chemical-Free, 10 Day Rechargeable Battery, Effective Fruit Fly Traps for Indoors, Gnat Traps for House Indoor, 1 Device + 6 Glue Cards","Patio, Lawn & Garden > Pest Control",27.74,5000,4.3,52155,2026-02-23,нет,,,,,26.35,6.06,6.06,5.93,2965.0,WATCH,"на DE не продаётся — свободная ниша, спрос проверять запуском/PPC; + продажи ≈5000/мес; + Buy Box не у Amazon; + конкуренция умеренная (1 офферов)",https://www.alibaba.com/trade/search?SearchText=home%20catch%20cordless%20flying%20insect,https://www.amazon.com/dp/B0GNBBV935
B0GPXNJHD6,"Aynvixt Portable Rechargeable Fan, 20000mAh Battery Powered Camping Fan with LED Light & Hook, 270° Adjustable, 4-Speed, 4H Timer Camping Essentials for Outdoor Tent Travel BBQ Car, Gifts for Men Dad","Home & Kitchen > Heating, Cooling & Air Quality",26.99,5000,4.4,141,2026-02-24,нет,,,,,25.64,5.59,5.59,5.77,2885.0,WATCH,"на DE не продаётся — свободная ниша, спрос проверять запуском/PPC; + продажи ≈5000/мес; + Buy Box не у Amazon; + конкуренция умеренная (3 офферов)",https://www.alibaba.com/trade/search?SearchText=portable%20rechargeable%20fan%20mah%20battery,https://www.amazon.com/dp/B0GPXNJHD6
B0GZ2B77HT,"33 Pack Refill Cartridges Compatible with Flying Insect Trap M364, M364A & Max","Patio, Lawn & Garden > Pest Control",32.39,4000,4.6,87,2026-04-30,нет,,,,,30.77,7.61,7.61,6.92,2768.0,WATCH,"на DE не продаётся — свободная ниша, спрос проверять запуском/PPC; + продажи ≈4000/мес; + Buy Box не у Amazon; + конкуренция умеренная (1 офферов)",https://www.alibaba.com/trade/search?SearchText=refill%20cartridges%20compatible%20flying%20insect,https://www.amazon.com/dp/B0GZ2B77HT
B0GF1J3YM7,"Govee Edison Bulbs, Smart Vintage Light Bulbs, RGB Color Changing and Tunable White, Compatible with Matter, Alexa & Google Assistant, LED Filament Bulb, ST19(58), E26 Base for Home Decor, 4 Pack",Tools & Home Improvement > Light Bulbs,64.43,2000,4.5,149,2026-03-15,нет,,,,,61.21,19.49,19.49,13.77,2754.0,WATCH,"на DE не продаётся — свободная ниша, спрос проверять запуском/PPC; + продажи ≈2000/мес; + вход при закупке ≤$11.67 даёт маржу 25%; + Buy Box не у Amazon; + конкуренция умеренная (1 офферов); − известный бренд — листинг = референс ниши, продаём PL-аналог",https://www.alibaba.com/trade/search?SearchText=edison%20bulbs%20smart%20vintage%20light,https://www.amazon.com/dp/B0GF1J3YM7
B0GY2R8WTF,"24 Pack Refill Cartridge Kit Compatible with Plug-in Light M364 and Max, Flying Insect Trap Refills Replacements for House & Fruit Flies, Easy to Use","Patio, Lawn & Garden > Pest Control",24.99,5000,4.6,165,2026-04-22,нет,,,,,23.74,5.5,5.5,5.34,2670.0,WATCH,"на DE не продаётся — свободная ниша, спрос проверять запуском/PPC; + продажи ≈5000/мес; + Buy Box не у Amazon; + конкуренция умеренная (2 офферов)",https://www.alibaba.com/trade/search?SearchText=refill%20cartridge%20kit%20compatible%20plug,https://www.amazon.com/dp/B0GY2R8WTF
B0GTMYN73B,"Owala SmoothSip Slider Ceramic-Lined Insulated Stainless Steel Coffee Tumbler, No Metallic Taste Reusable Travel Mug, Hot Iced Coffee Cup, BPA Free 20 oz, Very, Very Dark",Home & Kitchen > Kitchen & Dining,29.99,4000,4.8,178,2026-04-29,нет,,,,,28.49,7.37,7.37,6.41,2564.0,WATCH,"на DE не продаётся — свободная ниша, спрос проверять запуском/PPC; + продажи ≈4000/мес; + вход при закупке ≤$3.93 даёт маржу 25%; + Buy Box не у Amazon; + конкуренция умеренная (2 офферов); − известный бренд — листинг = референс ниши, продаём PL-аналог",https://www.alibaba.com/trade/search?SearchText=smoothsip%20slider%20ceramic%20lined%20insulated,https://www.amazon.com/dp/B0GTMYN73B
