"asin","brand","price","monthly_sold","rating","reviews","offers","weight_g","len_mm","wid_mm","hei_mm","fba_us_cents","cat2","title"
"B0FQJGFGT7","NASAMA",26.13,500,4.2,62,1,898,285,181,178,763,"Artificial Plants & Flowers","NASAMA Realistic Artificial Potted Plant, Faux Indoor Greenery for Home Office Living Room Bookshelf Bathroom Decor, Low-Maintenance Space-Saving Fake Plants with Modern Decorative Vase"
"B0FZ5SG6HQ","Rowfad",24.29,2000,4.699999999999999,1635,1,699,437,140,97,648,"Artificial Plants & Flowers","18 Pcs Artificial Fake Pansy Flowers for Outdoor, UV Resistant Faux Silk Pansies Patriotic Flowers for Outside for Planter Front Door Porch Patio Window 4th of July Home Decor (18, Red, White, Blue)"
"B0FZ5SGBV2","Rowfad",44.99,900,4.699999999999999,1635,1,1379,436,202,146,812,"Artificial Plants & Flowers","36 Pcs Artificial Fake Pansy Flowers for Outdoor, UV Resistant Faux Silk Pansies Patriotic Flowers for Outside for Planter Front Door Porch Patio Window 4th of July Home Decor(36, Red, White, Blue)"
"B0G4CXL7F8","Alupssuc",26.39,1000,4.5,496,2,739,381,176,149,771,"Artificial Plants & Flowers","Alupssuc 2Pcs 20"" Artificial Topiary Ball Flowers, UV Resistant Outdoor Faux Plants with Ground Spikes, Fake Bushes, 4 Colors Mix Spring Summer Decor for Garden, Porch, Patio & Indoor Planters"
"B0G4PK9W3J","INXUGAO",28.99,500,4.699999999999999,369,1,771,300,289,83,707,"Artificial Plants & Flowers","INXUGAO Artificial Flowers for Outdoors Fake Plants Outside, 12 Bundles Silk Morning Glory with Eucalyptus + Orchid Leaf UV Resistant Realistic Faux Flowers for Porch Planter Garden Patio (Mix Color)"
"B0G578ZVMN","florisso",20.99,600,4.2,153,1,912,367,147,145,738,"Artificial Plants & Flowers","florisso 28"" Artificial Monstera Plant Tall Fake Faux Plants Indoor Outdoor Tree for Living Room Home House Decoration"
"B0G5YJSGPH","Auihiay",27.99,500,4.6000000000000005,106,1,490,454,105,102,601,"Artificial Plants & Flowers","Auihiay 6 Bundles Hydrangea Artificial Flowers for Outdoors and Indoor, Bulk 30 Heads, UV Resistant Faux Hydrangea Flowers for Garden, Porch, Yard, Window Box & Outdoor Wedding Decoration (Blue)"
"B0G65Q888M","PABREY",26.99,500,4.6000000000000005,107,1,621,350,140,140,690,"Artificial Plants & Flowers","PABREY 12 Pcs Artificial Flowers for Outdoors, Faux Silk Geraniums Flowers UV Resistant Fake Flowers Outdoor Plants for Front Porch Yard Patio Garden Home Decor (12, Red)"
"B0G6YYS3MM","HyeFlora",24.99,500,4.6000000000000005,519,1,739,403,135,96,631,"Artificial Plants & Flowers","HyeFlora 20 Bundles Artificial Fake Outdoor Plants Flowers for Spring Decoration, UV Resistant Realistic White Plastic Flowers Faux Plant Monkey Grass for Planter Home Garden Porch Patio Window Box"
"B0G6ZPTF9C","RECUTMS",23.49,400,4.699999999999999,91,1,458,313,115,111,566,"Artificial Plants & Flowers","6 Bundles Artificial Greenery Stems, 14.5"" Fake Lucky Bamboo Leaves Faux Outdoor Plants UV Resistant Plastic Shrubs for Outside Home Room Garden Patio Front Porch Farmhouse Pathway Indoor Decorations"
"B0G7BFV15X","TakeArt",24.99,500,4.8,249,1,560,369,124,111,613,"Artificial Plants & Flowers","Artificial Flowers Fake Plants for Outdoors Decoration, 12 Bundles Silk Morning Glory with Boston Fern Realistic UV Resistant Faux Spring Flowers for Outside Planter Yard Patio Garden Home Indoor Urn"
"B0G7C99NGB","TakeArt",24.99,1000,4.8,249,1,549,364,124,112,613,"Artificial Plants & Flowers","Artificial Flowers Fake Plants for Outdoors Decoration, 12 Bundles Silk Morning Glory with Boston Fern Realistic UV Resistant Faux Spring Flowers for Outside Planter Yard Patio Garden Home Indoor Urn"
"B0GCKPCVMB","lovemoon",34.99,1000,4.6000000000000005,203,1,1742,406,309,190,970,"Artificial Plants & Flowers","2 Set Artificial Outdoor Pansy Flowers with Hanging Baskets, 2 Hanging Baskets with 24 Pcs Silk Flowers for Spring Easter Decorations Porch Patio Home Decor (2, Purple, Yellow, White, Light Purple)"
"B0GCMS2K5R","lovemoon",44.99,700,4.6000000000000005,436,1,812,441,207,170,854,"Artificial Plants & Flowers","lovemoon 16 Pcs Artificial Geranium Plant Realistic Silk Flowers for Outside UV Resistant Faux Geraniums Flowers for Indoor Outdoor Home Garden Office Decoration (16, Red)"
"B0GDTFFKYC","lovemoon",27.99,7000,4.699999999999999,165,1,640,442,146,107,730,"Artificial Plants & Flowers","lovemoon 130 Pcs Artificial Mixed EucalyptusStems Bulk, 5 Kinds of Faux GreeneryEucalyptus Leaves Bulk for Vase Wedding DIY Bouquets Floral Arrangement Home Decor (130, Green)"
"B0GDTQ84BS","lovemoon",49.99,600,4.699999999999999,165,1,1220,433,198,146,804,"Artificial Plants & Flowers","lovemoon 260 Pcs Artificial Mixed EucalyptusStems Bulk, 5 Kinds of Faux GreeneryEucalyptus Leaves Bulk for Vase Wedding DIY Bouquets Floral Arrangement Home Decor (260, Green)"
"B0GFCJ7KFQ","Cherica",21.59,800,4.3,339,1,549,434,162,128,732,"Artificial Plants & Flowers","Cherica Fake Ferns,Faux Outdoor Plants UV Resistant,3D Real Touch Fake Plants Total 60 Blades,Weatherproof Artificial Plants Outdoor Indoor for Garden Porch Home Office Living Room Decor"
"B0GFCXH2LJ","Cherica",33.98,500,4.3,339,1,599,432,130,79,602,"Artificial Plants & Flowers","Cherica Fake Ferns, Faux Outdoor Plants UV Resistant,3D Real Touch Fake Plants Total 80 Blades,Weatherproof Artificial Plants Outdoor Indoor for Garden Porch Home Office Decor"
"B0GGXCVNY1","Daynight",40.49,500,4.699999999999999,158,1,619,396,197,135,756,"Artificial Plants & Flowers","8 Pcs Hydrangea Artificial Flowers Outdoor Silk Bouquets, UV Resistant Faux Hydrangeas Flowers for Table Vase Centerpieces Outside Party Wedding Baby Shower Home Indoor Outdoor Decor (8, White)"
"B0GGXKYXLC","Daynight",23.98,1000,4.699999999999999,158,1,372,402,192,79,648,"Artificial Plants & Flowers","Daynight 4 Pcs Hydrangea Artificial Flowers Outdoor Silk Bouquets, UV Resistant Faux Hydrangeas Flowers for Table Vase Centerpieces Outside Party Wedding Baby Shower Home Outdoor Decor (4, White)"
"B0GGZN5MST","Daynight",19.99,500,4.699999999999999,342,1,563,442,148,105,707,"Artificial Plants & Flowers","Daynight 16 Pcs Faux Petunias Artificial Flowers Plants for Outdoor Plant Decoration,Fake Petunias Realistic Silk Flowers for Porch Yard Garden Window Indoor Decor. (16, Rosered,RedViolet)"
"B0GH1WXFDC","Daynight",79.99,400,4.3,87,1,5625,886,216,180,1631,"Artificial Plants & Flowers","2 Pcs 3 Ft Artificial Hydrangea Trees Potted, UV Resistant Faux Silk Hydrangea Plant in Pot for Indoor Outdoor Decoration, Hydrangea Topiary for Garden Office Home Porch Patio Decor (2, White)"
"B0GH1ZWGL9","Daynight",44.99,1000,4.6000000000000005,429,1,1842,404,305,189,939,"Artificial Plants & Flowers","2 Set Artificial Outdoor Petunias Flowers with Hanging Baskets, 24 Pcs UV Resistant Faux Petunias Flowers with Hanging Planter for Front Door Porch Spring Outside Decor (2, RoseRed,RedViolet)"
"B0GH21HPWX","Daynight",44.99,3000,4.6000000000000005,429,1,1678,402,307,182,953,"Artificial Plants & Flowers","2 Set Artificial Outdoor Flowers with Hanging Baskets,24 Pcs UV Resistant Faux Petunias Flowers with Hanging Planter for Front Door Porch Spring Outside Decor (2, White,Yellow,Purple,RedViolet)"
"B0GHQZFS76","Cherica",16.99,1000,4.6000000000000005,357,1,340,338,108,92,552,"Artificial Plants & Flowers","Artificial Plants for Outdoors Faux Greenery Leaves UV Resistant Realistic Plastic Large Bunches Shrubs Bushes with Stems, Fake Plants Decor Outdoor for Front Porch Door Patio Garden Yard, 9Pcs"
"B0GHYB3RXJ","BTHM DSGN",35.99,400,4.4,130,1,1751,437,209,197,887,"Artificial Plants & Flowers","BTHM DSGN Fake Snake Plant 22"" Tall, Realistic Touch Leaves, Potted Artificial Plants Indoor for Home Decor Small Office Home Living Room"
"B0GJCF8R46","florisso",29.49,400,4.5,95,1,1239,367,260,194,872,"Artificial Plants & Flowers","florisso 2 Pack Artificial Boxwood Topiary Trees, UV-Resistant Faux Realistic Greenery Potted Bushes with Pots for Front Door, Porch, Farmhouse, Garden Decor"
"B0GJDFMDC2","WucaFl",15.69,500,4.5,53,1,481,311,202,197,781,"Artificial Plants & Flowers","WucaFl Fake Pothos Hanging Plant – Artificial Plastic Ivy Vines with White Pot, Realistic Faux Greenery for Indoor Home Office Bathroom Shelf Cabinet Decoration"
"B0GJT944C4","VERDELYX",18.99,600,4.6000000000000005,40,1,431,300,98,93,522,"Artificial Plants & Flowers","12 Inch Artificial Plant Indoor,Small Fake Plants Eucalyptus Stems With Vase,Faux Greenery In Pot For Farmhouse Home Decor,Bathroom Living Room Kitchen Office Coffee Table Centerpiece (cream white)"
"B0GK6WTHK8","Fely bely",25.99,400,4.6000000000000005,160,1,726,610,152,76,899,"Artificial Plants & Flowers","Fely bely Fake Ferns - Set of 2 Faux Boston Ferns Large Artificial Plants, 40 Leaves per Bouquet, 35 Inches Large Artificial Ferns for Outdoors/Indoor Home, Office, Garden Decoration"
"B0GK8RRSTP","Ivydale",24.99,500,4.2,130,1,322,382,97,89,561,"Artificial Plants & Flowers","Ivydale Artificial Flowers for Outdoors, 4 PCS Purple Fuchsia Fake Silk Hydrangea Flower Stems for Bouquets UV Resistant Realistic Faux Plants Home Outdoor Wedding Party Centerpieces Decor"
"B0GKDM7RDV","ALOXA",18.49,400,4.8,128,1,408,393,125,97,613,"Artificial Plants & Flowers","ALOXA 12 Bundles Artificial Flowers for Outdoors,UV Resistant Fake Silk Morning Glory Flowers Faux Plastic Plants for Planter Front Door Window Box Patio Yard Porch Indoor Home Decor (Yellow,White)"
"B0GKHSDTMZ","Hananona",17.99,4000,4.2,3208,1,540,440,110,99,613,"Artificial Plants & Flowers","Hananona 12 Pcs Artificial Flowers Outdoor, Faux Artificial Plants UV Resistant Plastic Patriotic Flower Bulk for 4th of July Hanging Planter Porch Window Home Summer Decor 12, Red, White, Blue"
"B0GKHW6GY1","Hananona",34.99,1000,4.2,3208,1,1039,438,206,129,773,"Artificial Plants & Flowers","Hananona 24 Pcs Artificial Flowers Outdoor, Faux Artificial Plants UV Resistant Plastic Patriotic Flower Bulk for 4th of July Hanging Planter Porch Window Home Summer Decor (24, Red, White, Blue)"
"B0GKM9WQVX","NOVAROOT",55.99,1000,4.2,94,1,3651,451,222,203,924,"Artificial Plants & Flowers","Olive Trees Artificial Indoor, 6FT Tall Faux Olive Tree with Moss and Planter, Artificial Plants Indoor with Realistic Silk Leaves and Lifelike Fruits, Fake Tree for Home Office Living Room Decor"
"B0GM865GDK","LarkAsh",26.98,500,4.5,19,1,712,432,122,98,631,"Artificial Plants & Flowers","LarkAsh 150 Pcs Babys Breath Artificial Flowers,White Baby Breath Flowers Artificial Bulk，Real Touch Faux Flowers Gypsophila for Wedding Party Bouquet Floral Arrangement Home Decor (150)"
"B0GS4G2GBR","Juxdp",29.99,1000,4.6000000000000005,74,1,259,439,114,103,618,"Artificial Plants & Flowers","Juxdp 6 Pcs 17"" Artificial Nandina Berry Stem, Faux Berry Spray(Dusty Plum)"
"B0GS4G6YPT","Juxdp",49.99,400,4.6000000000000005,74,1,481,437,199,112,748,"Artificial Plants & Flowers","12 Pcs 17"" Artificial Nandina Berry Stem, Faux Berry Spray(Dusty Plum)"
"B0GS4GDFNF","Juxdp",29.99,600,4.6000000000000005,57,1,499,438,165,101,707,"Artificial Plants & Flowers","4 Pcs 36"" Artificial Nandina Berry Stem, Fake Plant Branches(Dusty Plum)"
"B0GS5B8Q9Y","Ammyoo",23.99,500,4.4,429,1,472,366,178,126,746,"Artificial Plants & Flowers","Ammyoo 8 Pcs Artificial Hydrangea Flowers Silk Blue Fake Flower with Eucalyptus for Outdoor Decorations UV Resistant Realistic Faux Plants for Garden Porch Window Box Indoor Table Decor"
"B0GSQRT56X","Juxdp",29.99,500,4.8,41,1,331,440,116,86,602,"Artificial Plants & Flowers","6 PCS 27""Artificial Peony Branches, Realistic Silk Peonies Stems(Cream)"
"B0GV9MBJ48","Hananona",44.99,900,4.5,2162,1,689,439,197,142,804,"Artificial Plants & Flowers","Hananona 12 Pcs Artificial Geranium Flowers for Outdoors Geranium Silk Red White Blue Flowers Outdoor UV Resistant Plants Faux Patriotic Flowers for 4th of July Home Decor (12, RedWhiteBlue)"
"B0GV9XRKN8","Hananona",24.99,2000,4.5,2162,1,331,429,195,77,676,"Artificial Plants & Flowers","Hananona 6 Pcs Artificial Geranium Flowers for Outdoors Geranium Silk Flowers Outdoor UV Resistant Plants Faux Patriotic Flowers for 4th of July Home Kitchen Table Centerpieces Decor (6, RedWhiteBlue)"
"B0GVS8GB23","TNELTUEB",79.99,800,4.699999999999999,80,1,4627,438,337,197,1071,"Artificial Plants & Flowers","TNELTUEB 6FT Artificial Olive Tree Indoor with Lights & Planter, Realistic Faux Olive Trees with Lifelike Fruits for Living Room Decor, Tall Fake Silk Plants for Modern Home Office"
"B0GVX3H2FX","Gipsot",20.99,1000,4.5,202,3,699,311,132,104,602,"Artificial Plants & Flowers","Gipsot 15 Bundles Artificial Faux Plants Flowers UV Resistant No-Fade, Adjustable Height Fake Greenery Indoor & Outdoor Decor for Window Garden Porch Patio Pathway Hanging Planter Front Yard, Purple"
"B0GVY9F7LP","lovemoon",44.99,1000,4.699999999999999,265,1,1804,404,305,188,939,"Artificial Plants & Flowers","lovemoon 2 Sets Artificial Hanging Pansies Flowers with Baskets, 24 Pcs Faux Patriotic Silk Pansy Outdoor Flower for Porch Patio Garden Home Summer 4th of July Decor (Y/P/W) (2, RedWhiteBlue)"
"B0GWQSDZVY","Richeerca",18.99,400,4.4,66,1,330,361,133,106,601,"Artificial Plants & Flowers","Richeerca 6 PCS 14"" Artificial Geranium Flowers for Outdoors, Realistic Artificial Flowers UV Resistant Silk Faux Geraniums for Garden Planter Windowsills Patios Wedding Outdoor Home Decor, Red"
"B0GX5S75JR","bakkiet",19.99,1000,4.6000000000000005,117,1,458,394,215,106,755,"Artificial Plants & Flowers","bakkiet Artificial Flowers for Outdoors, 12 Bundles Fake Plants for Outside Decoration, UV Resistant No Fade, Realistic High End Silk Plastic Morning Glory for Planter Porch Patio Yard"
"B0GY877F6P","Cherica",29.99,600,4.9,21,1,280,342,105,81,561,"Artificial Plants & Flowers","Cherica 6Pcs Viral Peony Artificial Flowers for Vase，27in Real Touch Fake Flowers Branches with Flexible Wired Stems for Home Decor DIY Bouquet Centerpieces Wedding Shower Fillers Arrangements,Dusty"
"B0GZDCLG9N","lovemoon",24.98,700,4.6000000000000005,437,1,449,437,194,80,676,"Artificial Plants & Flowers","lovemoon 8 Pcs Artificial Geraniums Realistic Silk Patriotic Flowers, Red White Blue Faux Geranium Flowers for Outdoor Home 4th of July Office Decoration (8, Red White Blue)"
